UPDATE PERMISSAOTRANSPORTE PERMTRANS
SET PERMTRANS.STATUSLANCAMENTO = 'BAIXADO'
where PERMTRANS.TIPOPERMISSAORBTRANS = 'TAXI'
  AND PERMTRANS.ID IN (SELECT PERM.PERMISSAOTRANSPORTE_ID
                       FROM PERMISSIONARIO PERM
                                INNER JOIN CADASTROECONOMICO CMC ON PERM.CADASTROECONOMICO_ID = CMC.ID
                       WHERE PERM.PERMISSAOTRANSPORTE_ID in (SELECT PERMTRANS.ID
                                                             FROM PERMISSAOTRANSPORTE PERMTRANS
                                                             where NUMERO in
                                                                   (25, 47, 80, 87, 164, 167, 189, 224, 441, 517,
                                                                    548, 657, 659, 682)
                                                               AND TIPOPERMISSAORBTRANS = 'TAXI')
                         AND PERM.FINALVIGENCIA IS NULL);

INSERT INTO SITUACAOCADASTROECONOMICO (ID, DATAALTERACAO, DATAREGISTRO, SITUACAOCADASTRAL)
VALUES (HIBERNATE_SEQUENCE.nextval, SYSDATE, SYSDATE, 'SUSPENSO');
INSERT INTO CE_SITUACAOCADASTRAL (CADASTROECONOMICO_ID, SITUACAOCADASTROECONOMICO_ID)
VALUES (189256127, HIBERNATE_SEQUENCE.currval);
INSERT INTO CERTIDAOATIVIDADEBCE (ID, DATACADASTRO, USUARIOSISTEMA_ID, CADASTROECONOMICO_ID, MOTIVO, SITUACAO,
                                  NUMEROPROTOCOLO, ANOPROTOCOLO, DOCUMENTOOFICIAL_ID)
VALUES (HIBERNATE_SEQUENCE.nextval, SYSDATE, 367370529, 189256127,
        'Permissão cancelada de acordo com a Portaria RBTRANS Nº 011/2007', 'SUSPENSO', null, null, null);

INSERT INTO SITUACAOCADASTROECONOMICO (ID, DATAALTERACAO, DATAREGISTRO, SITUACAOCADASTRAL)
VALUES (HIBERNATE_SEQUENCE.nextval, SYSDATE, SYSDATE, 'SUSPENSO');
INSERT INTO CE_SITUACAOCADASTRAL (CADASTROECONOMICO_ID, SITUACAOCADASTROECONOMICO_ID)
VALUES (189255361, HIBERNATE_SEQUENCE.currval);
INSERT INTO CERTIDAOATIVIDADEBCE (ID, DATACADASTRO, USUARIOSISTEMA_ID, CADASTROECONOMICO_ID, MOTIVO, SITUACAO,
                                  NUMEROPROTOCOLO, ANOPROTOCOLO, DOCUMENTOOFICIAL_ID)
VALUES (HIBERNATE_SEQUENCE.nextval, SYSDATE, 367370529, 189255361,
        'Permissão cancelada de acordo com a Portaria RBTRANS Nº 028/2007', 'SUSPENSO', null, null, null);

INSERT INTO SITUACAOCADASTROECONOMICO (ID, DATAALTERACAO, DATAREGISTRO, SITUACAOCADASTRAL)
VALUES (HIBERNATE_SEQUENCE.nextval, SYSDATE, SYSDATE, 'SUSPENSO');
INSERT INTO CE_SITUACAOCADASTRAL (CADASTROECONOMICO_ID, SITUACAOCADASTROECONOMICO_ID)
VALUES (189245493, HIBERNATE_SEQUENCE.currval);
INSERT INTO CERTIDAOATIVIDADEBCE (ID, DATACADASTRO, USUARIOSISTEMA_ID, CADASTROECONOMICO_ID, MOTIVO, SITUACAO,
                                  NUMEROPROTOCOLO, ANOPROTOCOLO, DOCUMENTOOFICIAL_ID)
VALUES (HIBERNATE_SEQUENCE.nextval, SYSDATE, 367370529, 189245493,
        'Permissão cancelada de acordo com a Portaria RBTRANS Nº 026/2003', 'SUSPENSO', null, null, null);

INSERT INTO SITUACAOCADASTROECONOMICO (ID, DATAALTERACAO, DATAREGISTRO, SITUACAOCADASTRAL)
VALUES (HIBERNATE_SEQUENCE.nextval, SYSDATE, SYSDATE, 'SUSPENSO');
INSERT INTO CE_SITUACAOCADASTRAL (CADASTROECONOMICO_ID, SITUACAOCADASTROECONOMICO_ID)
VALUES (189245797, HIBERNATE_SEQUENCE.currval);
INSERT INTO CERTIDAOATIVIDADEBCE (ID, DATACADASTRO, USUARIOSISTEMA_ID, CADASTROECONOMICO_ID, MOTIVO, SITUACAO,
                                  NUMEROPROTOCOLO, ANOPROTOCOLO, DOCUMENTOOFICIAL_ID)
VALUES (HIBERNATE_SEQUENCE.nextval, SYSDATE, 367370529, 189245797,
        'Permissão cancelada de acordo com a Portaria RBTRANS Nº 01/2008', 'SUSPENSO', null, null, null);

INSERT INTO SITUACAOCADASTROECONOMICO (ID, DATAALTERACAO, DATAREGISTRO, SITUACAOCADASTRAL)
VALUES (HIBERNATE_SEQUENCE.nextval, SYSDATE, SYSDATE, 'SUSPENSO');
INSERT INTO CE_SITUACAOCADASTRAL (CADASTROECONOMICO_ID, SITUACAOCADASTROECONOMICO_ID)
VALUES (189245816, HIBERNATE_SEQUENCE.currval);
INSERT INTO CERTIDAOATIVIDADEBCE (ID, DATACADASTRO, USUARIOSISTEMA_ID, CADASTROECONOMICO_ID, MOTIVO, SITUACAO,
                                  NUMEROPROTOCOLO, ANOPROTOCOLO, DOCUMENTOOFICIAL_ID)
VALUES (HIBERNATE_SEQUENCE.nextval, SYSDATE, 367370529, 189245816,
        'Permissão cancelada de acordo com a Portaria RBTRANS Nº 031/2003', 'SUSPENSO', null, null, null);

INSERT INTO SITUACAOCADASTROECONOMICO (ID, DATAALTERACAO, DATAREGISTRO, SITUACAOCADASTRAL)
VALUES (HIBERNATE_SEQUENCE.nextval, SYSDATE, SYSDATE, 'SUSPENSO');
INSERT INTO CE_SITUACAOCADASTRAL (CADASTROECONOMICO_ID, SITUACAOCADASTROECONOMICO_ID)
VALUES (189247000, HIBERNATE_SEQUENCE.currval);
INSERT INTO CERTIDAOATIVIDADEBCE (ID, DATACADASTRO, USUARIOSISTEMA_ID, CADASTROECONOMICO_ID, MOTIVO, SITUACAO,
                                  NUMEROPROTOCOLO, ANOPROTOCOLO, DOCUMENTOOFICIAL_ID)
VALUES (HIBERNATE_SEQUENCE.nextval, SYSDATE, 367370529, 189247000,
        'Permissão cancelada de acordo com a Portaria RBTRANS Nº 034/2003', 'SUSPENSO', null, null, null);

INSERT INTO SITUACAOCADASTROECONOMICO (ID, DATAALTERACAO, DATAREGISTRO, SITUACAOCADASTRAL)
VALUES (HIBERNATE_SEQUENCE.nextval, SYSDATE, SYSDATE, 'SUSPENSO');
INSERT INTO CE_SITUACAOCADASTRAL (CADASTROECONOMICO_ID, SITUACAOCADASTROECONOMICO_ID)
VALUES (189246119, HIBERNATE_SEQUENCE.currval);
INSERT INTO CERTIDAOATIVIDADEBCE (ID, DATACADASTRO, USUARIOSISTEMA_ID, CADASTROECONOMICO_ID, MOTIVO, SITUACAO,
                                  NUMEROPROTOCOLO, ANOPROTOCOLO, DOCUMENTOOFICIAL_ID)
VALUES (HIBERNATE_SEQUENCE.nextval, SYSDATE, 367370529, 189246119,
        'Permissão cancelada de acordo com a Portaria RBTRANS Nº 35/2007', 'SUSPENSO', null, null, null);

INSERT INTO SITUACAOCADASTROECONOMICO (ID, DATAALTERACAO, DATAREGISTRO, SITUACAOCADASTRAL)
VALUES (HIBERNATE_SEQUENCE.nextval, SYSDATE, SYSDATE, 'SUSPENSO');
INSERT INTO CE_SITUACAOCADASTRAL (CADASTROECONOMICO_ID, SITUACAOCADASTROECONOMICO_ID)
VALUES (189248750, HIBERNATE_SEQUENCE.currval);
INSERT INTO CERTIDAOATIVIDADEBCE (ID, DATACADASTRO, USUARIOSISTEMA_ID, CADASTROECONOMICO_ID, MOTIVO, SITUACAO,
                                  NUMEROPROTOCOLO, ANOPROTOCOLO, DOCUMENTOOFICIAL_ID)
VALUES (HIBERNATE_SEQUENCE.nextval, SYSDATE, 367370529, 189248750,
        'Permissão cancelada de acordo com a Portaria RBTRANS Nº 009/2004', 'SUSPENSO', null, null, null);

INSERT INTO SITUACAOCADASTROECONOMICO (ID, DATAALTERACAO, DATAREGISTRO, SITUACAOCADASTRAL)
VALUES (HIBERNATE_SEQUENCE.nextval, SYSDATE, SYSDATE, 'SUSPENSO');
INSERT INTO CE_SITUACAOCADASTRAL (CADASTROECONOMICO_ID, SITUACAOCADASTROECONOMICO_ID)
VALUES (189251312, HIBERNATE_SEQUENCE.currval);
INSERT INTO CERTIDAOATIVIDADEBCE (ID, DATACADASTRO, USUARIOSISTEMA_ID, CADASTROECONOMICO_ID, MOTIVO, SITUACAO,
                                  NUMEROPROTOCOLO, ANOPROTOCOLO, DOCUMENTOOFICIAL_ID)
VALUES (HIBERNATE_SEQUENCE.nextval, SYSDATE, 367370529, 189251312,
        'Permissão cancelada de acordo com a Portaria RBTRANS Nº 27/2007', 'SUSPENSO', null, null, null);

INSERT INTO SITUACAOCADASTROECONOMICO (ID, DATAALTERACAO, DATAREGISTRO, SITUACAOCADASTRAL)
VALUES (HIBERNATE_SEQUENCE.nextval, SYSDATE, SYSDATE, 'SUSPENSO');
INSERT INTO CE_SITUACAOCADASTRAL (CADASTROECONOMICO_ID, SITUACAOCADASTROECONOMICO_ID)
VALUES (189252854, HIBERNATE_SEQUENCE.currval);
INSERT INTO CERTIDAOATIVIDADEBCE (ID, DATACADASTRO, USUARIOSISTEMA_ID, CADASTROECONOMICO_ID, MOTIVO, SITUACAO,
                                  NUMEROPROTOCOLO, ANOPROTOCOLO, DOCUMENTOOFICIAL_ID)
VALUES (HIBERNATE_SEQUENCE.nextval, SYSDATE, 367370529, 189252854,
        'Permissão cancelada de acordo com a Portaria RBTRANS Nº 012/2007', 'SUSPENSO', null, null, null);

INSERT INTO SITUACAOCADASTROECONOMICO (ID, DATAALTERACAO, DATAREGISTRO, SITUACAOCADASTRAL)
VALUES (HIBERNATE_SEQUENCE.nextval, SYSDATE, SYSDATE, 'SUSPENSO');
INSERT INTO CE_SITUACAOCADASTRAL (CADASTROECONOMICO_ID, SITUACAOCADASTROECONOMICO_ID)
VALUES (189252171, HIBERNATE_SEQUENCE.currval);
INSERT INTO CERTIDAOATIVIDADEBCE (ID, DATACADASTRO, USUARIOSISTEMA_ID, CADASTROECONOMICO_ID, MOTIVO, SITUACAO,
                                  NUMEROPROTOCOLO, ANOPROTOCOLO, DOCUMENTOOFICIAL_ID)
VALUES (HIBERNATE_SEQUENCE.nextval, SYSDATE, 367370529, 189252171,
        'Permissão cancelada de acordo com a Portaria RBTRANS Nº 013/2007', 'SUSPENSO', null, null, null);

INSERT INTO SITUACAOCADASTROECONOMICO (ID, DATAALTERACAO, DATAREGISTRO, SITUACAOCADASTRAL)
VALUES (HIBERNATE_SEQUENCE.nextval, SYSDATE, SYSDATE, 'SUSPENSO');
INSERT INTO CE_SITUACAOCADASTRAL (CADASTROECONOMICO_ID, SITUACAOCADASTROECONOMICO_ID)
VALUES (189256970, HIBERNATE_SEQUENCE.currval);
INSERT INTO CERTIDAOATIVIDADEBCE (ID, DATACADASTRO, USUARIOSISTEMA_ID, CADASTROECONOMICO_ID, MOTIVO, SITUACAO,
                                  NUMEROPROTOCOLO, ANOPROTOCOLO, DOCUMENTOOFICIAL_ID)
VALUES (HIBERNATE_SEQUENCE.nextval, SYSDATE, 367370529, 189256970,
        'Permissão cancelada de acordo com a Portaria RBTRANS Nº 32/2007', 'SUSPENSO', null, null, null);

INSERT INTO SITUACAOCADASTROECONOMICO (ID, DATAALTERACAO, DATAREGISTRO, SITUACAOCADASTRAL)
VALUES (HIBERNATE_SEQUENCE.nextval, SYSDATE, SYSDATE, 'SUSPENSO');
INSERT INTO CE_SITUACAOCADASTRAL (CADASTROECONOMICO_ID, SITUACAOCADASTROECONOMICO_ID)
VALUES (434308823, HIBERNATE_SEQUENCE.currval);
INSERT INTO CERTIDAOATIVIDADEBCE (ID, DATACADASTRO, USUARIOSISTEMA_ID, CADASTROECONOMICO_ID, MOTIVO, SITUACAO,
                                  NUMEROPROTOCOLO, ANOPROTOCOLO, DOCUMENTOOFICIAL_ID)
VALUES (HIBERNATE_SEQUENCE.nextval, SYSDATE, 367370529, 434308823,
        'Permissão cancelada de acordo com a Portaria RBTRANS Nº 34/2008', 'SUSPENSO', null, null, null);

INSERT INTO SITUACAOPARCELAVALORDIVIDA
(ID, DATALANCAMENTO, SITUACAOPARCELA, PARCELA_ID, SALDO, INCONSISTENTE, REFERENCIA)
SELECT HIBERNATE_SEQUENCE.nextval,
       current_timestamp,
       'CANCELAMENTO',
       pvd.id as PARCELA_ID,
       spvd.SALDO,
       0,
       spvd.REFERENCIA
from parcelavalordivida pvd
         inner join valordivida vd on vd.id = pvd.valordivida_id
         inner join calculo cal on cal.id = vd.calculo_id
         left join CADASTROECONOMICO CMC ON CAL.CADASTRO_ID = CMC.ID
         inner join divida div on div.id = vd.DIVIDA_ID
         INNER JOIN SITUACAOPARCELAVALORDIVIDA SPVD ON PVD.SITUACAOATUAL_ID = SPVD.ID
WHERE DIV.ID IN (6194163, 6194194, 6207239, 139771280, 139772641)
  AND SPVD.SITUACAOPARCELA = 'EM_ABERTO'
  AND CMC.id IN (SELECT CMC.id
                 FROM PERMISSIONARIO PERM
                          INNER JOIN CADASTROECONOMICO CMC ON PERM.CADASTROECONOMICO_ID = CMC.ID
                 WHERE PERM.PERMISSAOTRANSPORTE_ID IN (SELECT PERMTRANS.ID
                                                       FROM PERMISSAOTRANSPORTE PERMTRANS
                                                       where PERMTRANS.NUMERO in
                                                             (25, 47, 80, 87, 164, 167, 189, 224,
                                                              441, 517, 548,
                                                              657, 659, 682)
                                                         AND TRUNC(PERMTRANS.FINALVIGENCIA) > TRUNC(VD.EMISSAO)
                                                         AND TIPOPERMISSAORBTRANS = 'TAXI')
                   AND PERM.FINALVIGENCIA IS NULL);
